{
  "tournament": "UEFA Conference League 2025/26",
  "description": "Команды турнира UEFA Conference League",
  "teams": {
    "Абердин": "Aberdeen",
    "АПОЕЛ": "APOEL",
    "АЗ": "AZ",
    "Аз": "AZ Alkmaar",
    "АЗ Алкмар": "AZ Alkmaar",
    "АЕК": "AEK Athens",
    "АЕК Афины": "AEK Athens",
    "АЕК Ларнака": "AEK Larnaca",
    "Аякс": "Ajax",
    "Андерлехт": "Anderlecht",
    "Астана": "Astana",
    "Атлетик": "Athletic Club",
    "Атлетик Бильбао": "Athletic Club",
    "Арарат-Армения": "Ararat-Armenia",
    "Арда": "Arda",
    "Арис": "Aris",
    "Арис Лимассол": "Aris Limassol",
    "Атлетик Эскальдес": "Atlètic Club d'Escaldes",
    "Аударс": "Auda",
    "Ауда": "Auda",
    "Австрия Вена": "Austria Wien",
    "Баллкани": "Ballkani",
    "Баник Острава": "Baník Ostrava",
    "Банга": "Banga",
    "Башакшехир": "Başakşehir",
    "Бейтар Иерусалим": "Beitar Jerusalem",
    "Бешикташ": "Beşiktaş",
    "Биркиркара": "Birkirkara",
    "Болонья": "Bologna",
    "Борац": "Borac",
    "Борац Баня-Лука": "Borac Banja Luka",
    "Буде": "Bodo/Glimt",
    "Будё": "Bodo/Glimt",
    "Брага": "SC Braga",
    "Бранн": "Brann",
    "Брейдаблик": "Breiðablik",
    "Брондбю": "Brøndby",
    "Будучност": "Budućnost Podgorica",
    "Вадуц": "Vaduz",
    "Валур": "Valur",
    "Варадин": "Varaždin",
    "Вардар": "Vardar",
    "Викингур": "Víkingur Reykjavík",
    "Викингур Гёта": "Víkingur Gøta",
    "Викингур Рейкьявик": "Víkingur Reykjavík",
    "Виртус": "Virtus",
    "Вильярреал": "Villarreal",
    "Вллазния": "Vllaznia",
    "Вольфсбергер": "Wolfsberger AC",
    "Гамбург": "Hamburger SV",
    "Галатасарай": "Galatasaray",
    "Генк": "Genk",
    "Гент": "KAA Gent",
    "Гимарайнш": "Vitoria Guimaraes",
    "Дечич": "Dečić",
    "Дила Гори": "Dila Gori",
    "Динамо Брест": "Dynamo Brest",
    "Динамо Загреб": "Dinamo Zagreb",
    "Динамо Киев": "Dynamo Kyiv",
    "Динамо Минск": "Dinamo-Minsk",
    "Динамо Сити": "Dinamo City",
    "Динамо Тбилиси": "Dinamo Tbilisi",
    "Диффердаж": "Differdange 03",
    "Дрита": "Drita",
    "Дуделанж": "F91 Dudelange",
    "Дунгэннон Свифтс": "Dungannon Swifts",
    "Дьюргорден": "Djurgården",
    "Жальгирис": "FK Zalgiris Vilnius",
    "Заря": "Zorya Luhansk",
    "Злин": "Zlin",
    "Зриньски": "Zrinjski Mostar",
    "Зриньски Мостар": "Zrinjski Mostar",
    "Зря": "Zrinjski",
    "Зимбру": "Zimbru Chișinău",
    "Зира": "Zira",
    "Ибериа 1999": "Iberia 1999",
    "Илвес": "Ilves",
    "Ильвес": "Ilves",
    "Интер Эскальдес": "Inter Club d'Escaldes",
    "Истанбул Башакшехир": "Istanbul Basaksehir",
    "Ягеллония": "Jagiellonia Białystok",
    "КА": "KA",
    "Карабах": "Qarabağ",
    "Каунас Жальгирис": "Kauno Žalgiris",
    "Каунас": "Kauno Žalgiris",
    "КИ": "KÍ",
    "Клифтонвилл": "Cliftonville",
    "Клуж": "CFR 1907 Cluj",
    "Колос": "Kolos Kovalivka",
    "Копенгаген": "Copenhagen",
    "Копер": "Koper",
    "Кошице": "Košice",
    "Краснодар": "Krasnodar",
    "Кристал Пэлас": "Crystal Palace",
    "Кристал": "Crystal Palace",
    "КуПС": "KuPS",
    "ЛАСК": "LASK",
    "Ларн": "Larne",
    "Ларне": "Larne",
    "Лацио": "Lazio",
    "Лаузанн": "Lausanne-Sport",
    "Лозанна": "Lausanne-Sport",
    "Лаузанн-Спорт": "Lausanne-Sport",
    "Левадия": "FCI Levadia",
    "Левски": "Levski Sofia",
    "Левски София": "Levski Sofia",
    "Легия": "Legia Warszawa",
    "Легия Варшава": "Legia Warszawa",
    "Лех": "Lech Poznan",
    "Лех Познань": "Lech Poznań",
    "Лилль": "Lille",
    "Линкольн Ред Импс": "Lincoln Red Imps FC",
    "Линкольн": "Lincoln Red Imps FC",
    "Линфилд": "Linfield",
    "Лион": "Lyon",
    "Лугано": "FC Lugano",
    "Лудогорец": "Ludogorets",
    "Майнц": "Mainz 05",
    "Майнц 05": "Mainz 05",
    "Маккаби": "Maccabi Tel Aviv",
    "Маккаби Тель-Авив": "M. Tel-Aviv",
    "Маккаби Хайфа": "Maccabi Haifa",
    "Малишева": "Malisheva",
    "Мальмё": "Malmo FF",
    "Манчестер Юнайтед": "Manchester United",
    "Марибор": "Maribor",
    "Милсами": "Milsami Orhei",
    "Митьюлланд": "FC Midtjylland",
    "Мидтьюлланд": "Midtjylland",
    "Млада Болеслав": "Mladá Boleslav",
    "Молде": "Molde",
    "Неман Гродно": "Neman Grodno",
    "Неман": "Neman Grodno",
    "Ницца": "Nice",
    "Ноа": "FC Noah",
    "Ноттингем": "Nottingham Forest",
    "Нови Пазар": "Novi Pazar",
    "Нью Сэйнтс": "The New Saints",
    "Нёмме Кальюс": "Nõmme Kalju",
    "Олександрия": "Oleksandriya",
    "Олимпиакос": "Olympiacos Piraeus",
    "Олимпия": "Olimpija Ljubljana",
    "Олимпия Любляна": "Olimpija Ljubljana",
    "Омония": "Omonia",
    "Омония Никосия": "Omonia Nicosia",
    "Ордабасы": "Ordabasy",
    "ПАОК": "PAOK",
    "Пайде": "Paide Linnameeskond",
    "Пакш": "Paks",
    "Панатинаикос": "Panathinaikos",
    "Пафос": "Pafos",
    "Партизан": "FK Partizan",
    "Партизани": "Partizani",
    "Петрокуб": "Petrocub Hîncești",
    "Пльзень": "Plzen",
    "Виктория Пльзень": "Viktoria Plzeň",
    "Полесье": "Polissya Zhytomyr",
    "Полиссе": "Polissya Zhytomyr",
    "Порту": "Porto",
    "Приштина": "Prishtina",
    "Пушкаш Академия": "Puskás Akadémia",
    "Пюник": "Pyunik",
    "Работнички": "Rabotnicki",
    "Радничкий": "Radnički 1923",
    "Ракув": "Raków Częstochowa",
    "Ракув Ченстохова": "Raków Częstochowa",
    "Рапид": "Rapid Wien",
    "Рапид Вена": "Rapid Wien",
    "Райо Вальекано": "Rayo Vallecano",
    "Райо": "Rayo Vallecano",
    "Реал Бетис": "Real Betis",
    "Реал Сосьедад": "Real Sociedad",
    "Рейнджерс": "Rangers",
    "Рига": "Rīgas FS",
    "РФС": "RFS",
    "Риека": "HNK Rijeka",
    "Рома": "Roma",
    "Розенборг": "Rosenborg",
    "Сабах": "Sabah FA",
    "Самсунспор": "Samsunspor",
    "Санкт-Галлен": "St. Gallen",
    "Санта Клара": "Santa Coloma",
    "Санта-Клара": "Santa Clara",
    "Сараево": "Sarajevo",
    "Селтик": "Celtic",
    "Сельта": "Celta Vigo",
    "Сент-Патрикс": "St Patrick's Athletic",
    "Серветт": "Servette FC",
    "Серкль Брюгге": "Cercle Brugge",
    "Силекс": "Sileks",
    "Силкеборг": "Silkeborg",
    "Сигма Оломоуц": "Sigma Olomouc",
    "Славия": "Slavia Praha",
    "Слован": "Slovan Bratislava",
    "Слован Братислава": "Slovan Bratislava",
    "Спарта": "Sparta Prague",
    "Спарта Прага": "Sparta Prague",
    "Спартак Трнава": "Spartak Trnava",
    "Стамбул Башакшехир": "Istanbul Basaksehir",
    "Стяуа": "FCSB",
    "Страсбург": "Strasbourg",
    "Сутьеска": "Sutjeska",
    "Тоттенхэм": "Tottenham",
    "Торпедо Кутаиси": "Torpedo Kutaisi",
    "Торпедо-БелАЗ": "Torpedo-BelAZ Zhodino",
    "ТСЦ": "TSC",
    "Твенте": "Twente",
    "Университатя Крайова": "Universitatea Craiova",
    "Университатя Клуж": "Universitatea Cluj",
    "Урарату": "Urartu",
    "Утрехт": "Utrecht",
    "Фенербахче": "Fenerbahçe",
    "Ференцварош": "Ferencvarosi TC",
    "Фиорентина": "Fiorentina",
    "Флора": "Flora",
    "Флориана": "Floriana",
    "Фрайбург": "SC Freiburg",
    "Франкфурт": "Eintracht Frankfurt",
    "Фредрикстад": "Fredrikstad",
    "Хайденхайм": "Heidenheim",
    "Хайдук": "Hajduk Split",
    "Хайдук Сплит": "Hajduk Split",
    "Хаммарбю": "Hammarby IF",
    "Хамрун Спартанс": "Hamrun Spartans",
    "Хамрун": "Hamrun Spartans",
    "Хапоэль Беер-Шева": "Hapoel Be'er Sheva",
    "Хапоэль": "Hapoel Beer Sheva",
    "Хартс": "Hearts",
    "ХБ": "HB",
    "Хеккен": "BK Häcken",
    "Хельсинки": "Helsinki",
    "Хиберниан": "Hibernian",
    "Хибернианс": "Hibernians",
    "Хоффенхайм": "Hoffenheim",
    "ХЙК": "HJK",
    "Цельє": "Celje",
    "Целье": "Celje",
    "ЦФР Клуж": "CFR Cluj",
    "Чарлеруа": "Charleroi",
    "Челси": "Chelsea",
    "Черно Море": "Cherno More",
    "Шамрок Роверс": "Shamrock Rovers",
    "Шахтёр": "Shakhtar Donetsk",
    "Шахтёр Донецк": "Shakhtar Donetsk",
    "Шахтер": "Shakhtar Donetsk",
    "Шелбурн": "Shelbourne",
    "Шериф": "Sheriff Tiraspol",
    "Шкендия": "Shkëndija",
    "Шкёндия": "Shkëndija",
    "Штурм": "Sturm Graz",
    "Штутгарт": "VfB Stuttgart",
    "Эгнатия": "Egnatia",
    "Эльфсборг": "Elfsborg",
    "Юнион": "Union St. Gilloise",
    "Юнион Сен-Жиллуаз": "Union Saint-Gilloise",
    "Янг Бойз": "BSC Young Boys",
    "Аз-Наксыван": "Araz-Naxçıvan",
    "Араз-Нахчыван": "Araz-Naxçıvan",
    "Актобе": "Aktobe",
    "Витория Гимарайнш": "Vitória SC",
    "Вест Хэм": "West Ham",
    "Гёри ЕТО": "Győri ETO",
    "Даугавпилс": "Daugavpils",
    "Жилина": "Žilina",
    "Ланс": "Lens",
    "Викинг": "Viking"
  }
}
